,My Portfolio,Min Risk,Best Sharpe Ratio,Highest Return
Returns,0.19299398987983557,0.10419184344686336,0.17074338284077062,0.1946345631283671
Risk,0.2352015475743322,0.16171471982852112,0.2009468377463321,0.2429576545929742
Sharpe Ratio,0.7355138249044183,0.5206195424642767,0.7501654891980113,0.7187860099363058
Weights,"[0.25, 0.25, 0.25, 0.25]",[0.17 0.04 0.43 0.35],[0.16 0.22 0.21 0.41],[0.32 0.03 0.36 0.29]
