,Min Risk,Best Sharpe Ratio,Highest Return
Returns,0.09561008013981609,0.10111250231457469,0.12883145312102048
Risk,0.18820651025613458,0.19471616723117233,0.3501014791082085
Sharpe Ratio,0.5080062321420132,0.5192814944561392,0.3679831729051381
Weights,[0.35 0.25 0.13 0.27],[0.33 0.22 0.24 0.21],[0.09 0.05 0.81 0.05]
