,Min Risk,Best Sharpe Ratio,Highest Return
Returns,0.09478054195711352,0.10073560596517367,0.12472202415043125
Risk,0.18849474298716334,0.19380707797359237,0.3170531591649307
Sharpe Ratio,0.5028285694077322,0.5197725852865891,0.3933789036479873
Weights,[0.37 0.23 0.12 0.28],[0.32 0.28 0.2  0.21],[0.03 0.13 0.7  0.15]
